[
    {
        "extraction_method": "lattice",
        "top": 550.1093,
        "left": 56.3829,
        "width": 333.4071044921875,
        "height": 118.0592041015625,
        "data": [
            [
                {
                    "top": 550.1093,
                    "left": 56.3829,
                    "width": 68.8968505859375,
                    "height": 13.4920654296875,
                    "text": "1"
                },
                {
                    "top": 550.1093,
                    "left": 125.279755,
                    "width": 58.320098876953125,
                    "height": 13.4920654296875,
                    "text": "базовий"
                },
                {
                    "top": 550.1093,
                    "left": 183.59985,
                    "width": 59.059844970703125,
                    "height": 13.4920654296875,
                    "text": "79280,5"
                },
                {
                    "top": 550.1093,
                    "left": 242.6597,
                    "width": 62.401031494140625,
                    "height": 13.4920654296875,
                    "text": "1815,5"
                },
                {
                    "top": 550.1093,
                    "left": 305.06073,
                    "width": 84.72927856445312,
                    "height": 13.4920654296875,
                    "text": "7054,0"
                }
            ],
            [
                {
                    "top": 563.6014,
                    "left": 56.3829,
                    "width": 68.8968505859375,
                    "height": 12.95745849609375,
                    "text": "2"
                },
                {
                    "top": 563.6014,
                    "left": 125.279755,
                    "width": 58.320098876953125,
                    "height": 12.95745849609375,
                    "text": "базовий"
                },
                {
                    "top": 563.6014,
                    "left": 183.59985,
                    "width": 59.059844970703125,
                    "height": 12.95745849609375,
                    "text": "832714,5"
                },
                {
                    "top": 563.6014,
                    "left": 242.6597,
                    "width": 62.401031494140625,
                    "height": 12.95745849609375,
                    "text": "45810,5"
                },
                {
                    "top": 563.6014,
                    "left": 305.06073,
                    "width": 84.72927856445312,
                    "height": 12.95745849609375,
                    "text": "17868,0"
                }
            ],
            [
                {
                    "top": 576.55884,
                    "left": 56.3829,
                    "width": 68.8968505859375,
                    "height": 13.18792724609375,
                    "text": "1"
                },
                {
                    "top": 576.55884,
                    "left": 125.279755,
                    "width": 58.320098876953125,
                    "height": 13.18792724609375,
                    "text": "попередній"
                },
                {
                    "top": 576.55884,
                    "left": 183.59985,
                    "width": 59.059844970703125,
                    "height": 13.18792724609375,
                    "text": "486088,8"
                },
                {
                    "top": 576.55884,
                    "left": 242.6597,
                    "width": 62.401031494140625,
                    "height": 13.18792724609375,
                    "text": "32013,0"
                },
                {
                    "top": 576.55884,
                    "left": 305.06073,
                    "width": 84.72927856445312,
                    "height": 13.18792724609375,
                    "text": "37245,0"
                }
            ],
            [
                {
                    "top": 589.74677,
                    "left": 56.3829,
                    "width": 68.8968505859375,
                    "height": 12.973876953125,
                    "text": "2"
                },
                {
                    "top": 589.74677,
                    "left": 125.279755,
                    "width": 58.320098876953125,
                    "height": 12.973876953125,
                    "text": "попередній"
                },
                {
                    "top": 589.74677,
                    "left": 183.59985,
                    "width": 59.059844970703125,
                    "height": 12.973876953125,
                    "text": "1665429,0"
                },
                {
                    "top": 589.74677,
                    "left": 242.6597,
                    "width": 62.401031494140625,
                    "height": 12.973876953125,
                    "text": "91621,0"
                },
                {
                    "top": 589.74677,
                    "left": 305.06073,
                    "width": 84.72927856445312,
                    "height": 12.973876953125,
                    "text": "35736,0"
                }
            ],
            [
                {
                    "top": 602.72064,
                    "left": 56.3829,
                    "width": 68.8968505859375,
                    "height": 12.96038818359375,
                    "text": "1"
                },
                {
                    "top": 602.72064,
                    "left": 125.279755,
                    "width": 58.320098876953125,
                    "height": 12.96038818359375,
                    "text": "поточний"
                },
                {
                    "top": 602.72064,
                    "left": 183.59985,
                    "width": 59.059844970703125,
                    "height": 12.96038818359375,
                    "text": "464588,0"
                },
                {
                    "top": 602.72064,
                    "left": 242.6597,
                    "width": 62.401031494140625,
                    "height": 12.96038818359375,
                    "text": "25584,0"
                },
                {
                    "top": 602.72064,
                    "left": 305.06073,
                    "width": 84.72927856445312,
                    "height": 12.96038818359375,
                    "text": "50913,0"
                }
            ],
            [
                {
                    "top": 615.681,
                    "left": 56.3829,
                    "width": 68.8968505859375,
                    "height": 12.959228515625,
                    "text": "2"
                },
                {
                    "top": 615.681,
                    "left": 125.279755,
                    "width": 58.320098876953125,
                    "height": 12.959228515625,
                    "text": "поточний"
                },
                {
                    "top": 615.681,
                    "left": 183.59985,
                    "width": 59.059844970703125,
                    "height": 12.959228515625,
                    "text": "2861819,0"
                },
                {
                    "top": 615.681,
                    "left": 242.6597,
                    "width": 62.401031494140625,
                    "height": 12.959228515625,
                    "text": "89378,0"
                },
                {
                    "top": 615.681,
                    "left": 305.06073,
                    "width": 84.72927856445312,
                    "height": 12.959228515625,
                    "text": "52783,0"
                }
            ],
            [
                {
                    "top": 628.64026,
                    "left": 56.3829,
                    "width": 68.8968505859375,
                    "height": 12.96044921875,
                    "text": "3"
                },
                {
                    "top": 628.64026,
                    "left": 125.279755,
                    "width": 58.320098876953125,
                    "height": 12.96044921875,
                    "text": "базовий"
                },
                {
                    "top": 628.64026,
                    "left": 183.59985,
                    "width": 59.059844970703125,
                    "height": 12.96044921875,
                    "text": "79280,5"
                },
                {
                    "top": 628.64026,
                    "left": 242.6597,
                    "width": 62.401031494140625,
                    "height": 12.96044921875,
                    "text": "1815,5"
                },
                {
                    "top": 628.64026,
                    "left": 305.06073,
                    "width": 84.72927856445312,
                    "height": 12.96044921875,
                    "text": "7054,0"
                }
            ],
            [
                {
                    "top": 641.6007,
                    "left": 56.3829,
                    "width": 68.8968505859375,
                    "height": 12.958740234375,
                    "text": "3"
                },
                {
                    "top": 641.6007,
                    "left": 125.279755,
                    "width": 58.320098876953125,
                    "height": 12.958740234375,
                    "text": "попередній"
                },
                {
                    "top": 641.6007,
                    "left": 183.59985,
                    "width": 59.059844970703125,
                    "height": 12.958740234375,
                    "text": "486088,8"
                },
                {
                    "top": 641.6007,
                    "left": 242.6597,
                    "width": 62.401031494140625,
                    "height": 12.958740234375,
                    "text": "32013,0"
                },
                {
                    "top": 641.6007,
                    "left": 305.06073,
                    "width": 84.72927856445312,
                    "height": 12.958740234375,
                    "text": "37245,0"
                }
            ],
            [
                {
                    "top": 654.55945,
                    "left": 56.3829,
                    "width": 68.8968505859375,
                    "height": 13.60906982421875,
                    "text": "3"
                },
                {
                    "top": 654.55945,
                    "left": 125.279755,
                    "width": 58.320098876953125,
                    "height": 13.60906982421875,
                    "text": "поточний"
                },
                {
                    "top": 654.55945,
                    "left": 183.59985,
                    "width": 59.059844970703125,
                    "height": 13.60906982421875,
                    "text": "464588,0"
                },
                {
                    "top": 654.55945,
                    "left": 242.6597,
                    "width": 62.401031494140625,
                    "height": 13.60906982421875,
                    "text": "25584,0"
                },
                {
                    "top": 654.55945,
                    "left": 305.06073,
                    "width": 84.72927856445312,
                    "height": 13.60906982421875,
                    "text": "50913,0"
                }
            ]
        ],
        "spec_index": 0
    }
]
